t_rel_s,stamp_s,x,y,yaw_deg,cov_xx,cov_xy,cov_yy,cov_yawyaw,trace_xy,sigma_x_m,sigma_y_m,sigma_yaw_deg
0.88,1788242475.546618,0.0001,-0.008,-1.585,0.0389514,-0.00158835,0.0446267,0.0669113,0.0835781,0.19736,0.21125,14.8208
169.628,1788242898.056653,0.0676,-0.0236,-14.13,0.0482606,-0.00552034,0.0468311,0.0726355,0.0950916,0.21968,0.21640,15.4418
171.868,1788242900.32655,0.3117,-0.1073,-20.495,0.0575663,-0.00705228,0.051499,0.0995372,0.109065,0.23993,0.22693,18.0765
173.626,1788242902.082112,0.5587,-0.1782,-11.342,0.0774177,-0.0122,0.0703822,0.13568,0.1478,0.27824,0.26530,21.1048
175.277,1788242903.735631,0.7926,-0.2576,-12.225,0.0866494,-0.0157234,0.0907439,0.149941,0.177393,0.29436,0.30124,22.1862
176.93,1788242905.388223,1.0326,-0.3168,-13.771,0.103063,-0.0138265,0.113823,0.171482,0.216886,0.32103,0.33738,23.7264
178.585,1788242907.040998,1.2519,-0.3505,-11.534,0.125902,-0.0126655,0.125093,0.168728,0.250995,0.35483,0.35368,23.5351
180.24,1788242908.694548,1.5038,-0.3689,-8.167,0.152053,-0.00699424,0.146631,0.165552,0.298684,0.38994,0.38292,23.3126
181.891,1788242910.347939,1.7655,-0.3894,-6.907,0.151512,0.00460409,0.149945,0.146881,0.301457,0.38925,0.38723,21.9587
185.083,1788242912.620536,2.077,-0.4143,-4.087,0.167386,0.0140165,0.163935,0.14172,0.331321,0.40913,0.40489,21.5694
187.158,1788242915.615128,2.3207,-0.4242,-2.877,0.181102,0.0136506,0.144243,0.124735,0.325345,0.42556,0.37979,20.2356
188.71,1788242917.167818,2.5551,-0.4258,-1.162,0.194495,0.00599689,0.131106,0.115418,0.3256,0.44102,0.36209,19.4653
190.26,1788242918.71648,2.788,-0.463,-3.172,0.230519,-0.00287903,0.121575,0.121513,0.352095,0.48012,0.34868,19.9726
191.811,1788242920.266562,3.003,-0.5192,-4.945,0.235025,0.000388904,0.105659,0.113859,0.340684,0.48479,0.32505,19.3334
193.462,1788242921.919636,3.225,-0.5731,-0.11,0.256785,-0.00975949,0.116648,0.111184,0.373433,0.50674,0.34154,19.1048
195.017,1788242923.469686,3.4359,-0.6061,1.947,0.259851,-0.0249606,0.0866922,0.0954267,0.346543,0.50976,0.29444,17.6994
197.184,1788242925.641018,3.5851,-0.6253,-9.383,0.277474,-0.0263507,0.0820997,0.0893811,0.359574,0.52676,0.28653,17.1295
199.254,1788242927.711168,3.8155,-0.6858,-3.731,0.301204,-0.0218887,0.0582321,0.0773415,0.359436,0.54882,0.24131,15.9342
200.913,1788242929.369047,4.055,-0.7065,-0.317,0.313419,-0.0141466,0.0546886,0.0739573,0.368107,0.55984,0.23386,15.5816
202.467,1788242930.925257,4.2743,-0.7199,1.856,0.314598,-0.011686,0.04109,0.0670321,0.355688,0.56089,0.20271,14.8342
204.021,1788242932.479036,4.4852,-0.7197,-0.868,0.304775,-0.0113562,0.0417468,0.0670346,0.346522,0.55206,0.20432,14.8345
205.577,1788242934.033719,4.712,-0.7246,-0.835,0.286682,-0.00561981,0.0352945,0.0612095,0.321977,0.53543,0.18787,14.1753
207.134,1788242935.589999,4.9288,-0.7438,-1.648,0.265213,-0.00501044,0.03543,0.062451,0.300643,0.51499,0.18823,14.3183
208.686,1788242937.144443,5.1268,-0.7634,0.73,0.240116,-0.00543058,0.0333839,0.0612464,0.2735,0.49002,0.18271,14.1796
210.348,1788242938.803875,5.3336,-0.7432,4.626,0.243659,-0.00788225,0.0350011,0.071193,0.27866,0.49362,0.18709,15.2877
211.9,1788242940.359148,5.5216,-0.7267,6.614,0.237266,-0.00819137,0.0387864,0.0640278,0.276052,0.48710,0.19694,14.4980
213.353,1788242941.809593,5.6038,-0.7118,17.928,0.224272,-0.0100439,0.0392795,0.0565772,0.263552,0.47357,0.19819,13.6284
214.805,1788242943.26107,5.6943,-0.6619,30.17,0.196793,-0.0100994,0.0376037,0.0540245,0.234396,0.44361,0.19392,13.3174
216.98,1788242945.437928,5.796,-0.549,43.274,0.193258,-0.0101741,0.0376872,0.0543023,0.230946,0.43961,0.19413,13.3515
220.299,1788242948.756576,5.8328,-0.4577,29.105,0.171028,0.00187957,0.0384584,0.0581537,0.209486,0.41356,0.19611,13.8169
221.081,1788242949.173514,5.796,-0.4624,17.053,0.136074,0.00458404,0.026437,0.0413076,0.162511,0.36888,0.16259,11.6449
221.23,1788242949.690463,5.7815,-0.4601,5.236,0.143134,0.0119253,0.0223994,0.0397403,0.165534,0.37833,0.14966,11.4219
222.268,1788242950.724266,5.8049,-0.4643,-7.638,0.118431,0.00623238,0.0180059,0.032902,0.136437,0.34414,0.13419,10.3928
224.132,1788242952.588,6.0454,-0.5449,-13.61,0.122635,-0.00129674,0.022252,0.0520401,0.144886,0.35019,0.14917,13.0705
225.373,1788242953.83129,6.2233,-0.5858,-1.645,0.124264,-0.00590103,0.0207802,0.0478961,0.145044,0.35251,0.14415,12.5393
226.931,1788242955.387152,6.452,-0.5843,0.884,0.119761,-0.0049853,0.0256215,0.0556116,0.145382,0.34606,0.16007,13.5116
228.482,1788242956.941616,6.7011,-0.5892,0.848,0.132794,-0.0139249,0.0357652,0.0707473,0.168559,0.36441,0.18912,15.2397
230.036,1788242958.497808,6.9305,-0.6015,-1.73,0.131991,-0.0125642,0.046068,0.0780403,0.178059,0.36331,0.21463,16.0060
233.08,1788242960.570477,7.2071,-0.6143,-0.545,0.139244,-0.0133313,0.0638467,0.107094,0.20309,0.37315,0.25268,18.7502
235.121,1788242963.575895,7.449,-0.6168,0.433,0.163326,-0.0170491,0.0694409,0.0993086,0.232767,0.40414,0.26352,18.0558
236.679,1788242965.130318,7.6816,-0.607,0.639,0.170976,-0.0185445,0.0763228,0.0923095,0.247299,0.41349,0.27627,17.4079
238.227,1788242966.684298,7.9191,-0.6175,-0.9,0.182282,-0.0203461,0.0686093,0.0808837,0.250891,0.42695,0.26193,16.2950
239.78,1788242968.238463,8.1536,-0.6507,-2.399,0.186149,-0.0224528,0.0650276,0.0703512,0.251177,0.43145,0.25501,15.1970
241.334,1788242969.79372,8.4065,-0.6774,-1.853,0.177772,-0.0250126,0.0627247,0.0710082,0.240496,0.42163,0.25045,15.2678
242.888,1788242971.347612,8.6629,-0.7043,-1.601,0.179807,-0.0250455,0.0599219,0.0700601,0.239729,0.42404,0.24479,15.1655
244.547,1788242973.00554,8.9209,-0.7377,-0.819,0.172569,-0.0168754,0.0532668,0.0697246,0.225835,0.41541,0.23080,15.1292
246.108,1788242974.561628,9.1611,-0.7522,0.02,0.182168,-0.0113338,0.0476492,0.0608627,0.229817,0.42681,0.21829,14.1351
247.761,1788242976.22047,9.4091,-0.7683,3.993,0.178393,-0.0100471,0.0358627,0.0623274,0.214256,0.42237,0.18937,14.3042
249.42,1788242977.87856,9.6014,-0.7248,18.289,0.195414,-0.0148338,0.0285633,0.0638541,0.223977,0.44206,0.16901,14.4783
252.324,1788242980.782032,9.8345,-0.641,27.994,0.197259,-0.024212,0.0337584,0.0685378,0.231017,0.44414,0.18373,14.9999
254.192,1788242982.650697,9.8685,-0.6303,13.706,0.177452,-0.0218093,0.0269147,0.0573991,0.204367,0.42125,0.16406,13.7270
254.715,1788242983.169137,9.8694,-0.6279,0.804,0.182399,-0.0197329,0.0204918,0.0444536,0.202891,0.42708,0.14315,12.0803
256.68,1788242985.136757,10.1184,-0.6343,-0.704,0.179972,-0.0242795,0.0246764,0.0596395,0.204649,0.42423,0.15709,13.9923
258.232,1788242986.691076,10.3667,-0.6313,-0.19,0.169648,-0.0235264,0.0280114,0.0684333,0.19766,0.41188,0.16737,14.9884
259.787,1788242988.246035,10.6417,-0.6394,0.226,0.152208,-0.0232362,0.0310328,0.0685311,0.18324,0.39014,0.17616,14.9991
261.34,1788242989.800122,10.8945,-0.6419,-0.316,0.166112,-0.0304479,0.0362384,0.0623196,0.20235,0.40757,0.19036,14.3033
262.91,1788242991.353968,11.1762,-0.6548,-0.105,0.167485,-0.0245599,0.037601,0.0678593,0.205086,0.40925,0.19391,14.9254
264.455,1788242992.908776,11.471,-0.6834,-1.882,0.140875,-0.0133476,0.042711,0.0709835,0.183586,0.37533,0.20667,15.2652
266.111,1788242994.566646,11.7475,-0.6943,-1.4,0.138381,-0.0178808,0.0413267,0.0721367,0.179708,0.37200,0.20329,15.3887
267.77,1788242996.226158,12.0255,-0.7085,-3.983,0.131953,-0.0219296,0.0457557,0.0847402,0.177708,0.36325,0.21391,16.6789
269.426,1788242997.885411,12.2663,-0.7019,-5.363,0.123371,-0.0276459,0.0487225,0.0768465,0.172094,0.35124,0.22073,15.8831
271.082,1788242999.542649,12.5335,-0.7412,-6.31,0.125532,-0.025682,0.0535129,0.0759474,0.179045,0.35430,0.23133,15.7899
272.745,1788243001.201325,12.8111,-0.7759,-4.473,0.124329,-0.0250074,0.0611952,0.0780375,0.185524,0.35260,0.24738,16.0057
274.399,1788243002.859659,13.1211,-0.8152,-2.059,0.134062,-0.0277797,0.0488827,0.0679768,0.182945,0.36615,0.22109,14.9384
276.06,1788243004.518641,13.3763,-0.8465,-0.851,0.131076,-0.0290776,0.0425243,0.0703851,0.173601,0.36204,0.20621,15.2007
277.822,1788243006.281827,13.655,-0.8566,-3.568,0.149751,-0.0330147,0.0421785,0.0659933,0.191929,0.38698,0.20537,14.7188
280.001,1788243008.457898,13.7869,-0.8638,8.406,0.153051,-0.0350086,0.036385,0.0515343,0.189436,0.39122,0.19075,13.0068
281.871,1788243010.325128,13.888,-0.8549,20.889,0.150061,-0.0323674,0.0299346,0.0459817,0.179996,0.38738,0.17302,12.2861
283.009,1788243011.467799,13.9296,-0.858,10.253,0.133317,-0.0275679,0.0237496,0.0373214,0.157066,0.36513,0.15411,11.0688
283.544,1788243011.98752,13.9494,-0.8589,-2.316,0.143314,-0.0278176,0.0202069,0.0366333,0.163521,0.37857,0.14215,10.9663
285.393,1788243013.849568,14.2309,-0.9143,-8.123,0.174711,-0.03346,0.0248708,0.0465453,0.199582,0.41798,0.15770,12.3612
287.055,1788243015.50869,14.5315,-0.9604,-3.974,0.169537,-0.0252445,0.0231226,0.0498339,0.192659,0.41175,0.15206,12.7904
288.712,1788243017.166666,14.841,-0.9871,-1.69,0.176985,-0.0233436,0.0239382,0.0470348,0.200923,0.42070,0.15472,12.4260
290.367,1788243018.82655,15.1308,-1.0096,-1.996,0.182463,-0.022672,0.0317093,0.0599314,0.214172,0.42716,0.17807,14.0265
293.372,1788243021.833433,15.3922,-1.0361,-2.9,0.200563,-0.0254052,0.0314453,0.0574089,0.232008,0.44784,0.17733,13.7282
295.345,1788243023.804775,15.666,-1.0787,-8.681,0.205694,-0.0166354,0.0337338,0.0686108,0.239427,0.45353,0.18367,15.0079
297.007,1788243025.464933,15.9354,-1.1151,-4.005,0.194797,-0.0126516,0.0389507,0.0758212,0.233748,0.44136,0.19736,15.7768
298.668,1788243027.125858,16.2008,-1.1226,-1.047,0.201709,-0.0103121,0.0472672,0.0802089,0.248976,0.44912,0.21741,16.2268
300.328,1788243028.785719,16.4597,-1.1352,-0.575,0.207713,-0.0138964,0.0514119,0.0757875,0.259125,0.45576,0.22674,15.7733
301.991,1788243030.445754,16.7199,-1.1473,-0.349,0.212323,-0.0108281,0.0464584,0.0771277,0.258781,0.46078,0.21554,15.9121
303.655,1788243032.105354,16.9825,-1.1634,-0.56,0.208586,-0.00750339,0.0487726,0.0750165,0.257359,0.45671,0.22085,15.6928
305.309,1788243033.765648,17.263,-1.1949,-1.233,0.216589,-0.00643561,0.0427121,0.0680061,0.259301,0.46539,0.20667,14.9416
306.965,1788243035.424409,17.5305,-1.2198,0.535,0.232726,-0.0106713,0.0422981,0.0634078,0.275024,0.48242,0.20566,14.4276
309.87,1788243038.329978,17.7589,-1.2122,11.589,0.261611,-0.00898927,0.0359674,0.0568874,0.297578,0.51148,0.18965,13.6657
313.609,1788243042.066867,17.8846,-1.1812,-1.943,0.306706,-0.00650508,0.0364249,0.0583876,0.343131,0.55381,0.19085,13.8447
315.584,1788243044.035398,18.1724,-1.2246,-4.77,0.3007,-0.00883869,0.0283125,0.0702703,0.329013,0.54836,0.16826,15.1883
317.24,1788243045.696301,18.4247,-1.2408,-1.843,0.304658,-0.0096785,0.0271091,0.0668688,0.331767,0.55196,0.16465,14.8161
318.924,1788243047.356586,18.6799,-1.2628,-1.498,0.315479,-0.012397,0.0296634,0.0675583,0.345143,0.56168,0.17223,14.8923
320.56,1788243049.017349,18.9763,-1.2807,-0.803,0.31568,-0.00955729,0.0330844,0.0669647,0.348764,0.56185,0.18189,14.8267
322.227,1788243050.677923,19.2455,-1.2956,0.038,0.306851,-0.0115846,0.0349965,0.0688954,0.341847,0.55394,0.18707,15.0390
323.88,1788243052.338051,19.5415,-1.3035,0.462,0.313913,-0.0182048,0.0393901,0.0682705,0.353303,0.56028,0.19847,14.9706
325.546,1788243053.99836,19.8095,-1.3069,-1.885,0.291792,-0.0149455,0.0442081,0.0761665,0.336,0.54018,0.21026,15.8127
327.302,1788243055.760942,20.0907,-1.3036,-4.432,0.294479,-0.0109239,0.0466749,0.0748338,0.341154,0.54266,0.21604,15.6737
329.177,1788243057.52611,20.4072,-1.3334,-8.411,0.293675,-0.019857,0.0478146,0.0716173,0.34149,0.54192,0.21867,15.3332
330.835,1788243059.289129,20.6894,-1.362,-2.98,0.293416,-0.0175302,0.0463362,0.0668495,0.339752,0.54168,0.21526,14.8140
332.599,1788243061.053343,20.9861,-1.3926,-3.659,0.303975,-0.0154041,0.0525026,0.0712071,0.356477,0.55134,0.22913,15.2892
334.364,1788243062.815645,21.2897,-1.4298,-2.594,0.313672,-0.0195349,0.0547429,0.0764682,0.368415,0.56006,0.23397,15.8439
336.123,1788243064.579948,21.6089,-1.4534,-1.383,0.31171,-0.012059,0.0496711,0.0780422,0.361382,0.55831,0.22287,16.0062
339.65,1788243068.107513,21.8671,-1.4815,-12.418,0.339357,-0.00672034,0.0474418,0.0796038,0.386799,0.58254,0.21781,16.1655
341.413,1788243069.869669,22.1057,-1.5096,0.153,0.367043,-0.00585124,0.0502616,0.077029,0.417305,0.60584,0.22419,15.9019
343.177,1788243071.633656,22.3899,-1.5007,0.768,0.369242,-0.00689755,0.0562239,0.0820476,0.425466,0.60765,0.23712,16.4118
344.946,1788243073.398329,22.6646,-1.5026,-1.13,0.380099,-0.00851492,0.0557193,0.082049,0.435819,0.61652,0.23605,16.4119
346.71,1788243075.163134,22.9491,-1.5194,-2.491,0.363998,-0.0138935,0.053559,0.079636,0.417557,0.60332,0.23143,16.1688
348.48,1788243076.927248,23.2445,-1.5408,-2.266,0.340065,-0.0272376,0.059205,0.0760205,0.39927,0.58315,0.24332,15.7975
350.241,1788243078.690589,23.5212,-1.5707,-2.024,0.370873,-0.0320682,0.0651301,0.0773403,0.436003,0.60899,0.25521,15.9340
351.996,1788243080.453562,23.8247,-1.62,-2.663,0.374211,-0.0402538,0.0682937,0.0860257,0.442504,0.61173,0.26133,16.8049
353.759,1788243082.216143,24.0921,-1.6489,-1.477,0.395458,-0.0490135,0.0755004,0.0878822,0.470958,0.62885,0.27477,16.9853
356.354,1788243084.602449,24.3648,-1.6781,-3.277,0.388177,-0.0553532,0.0659903,0.0695947,0.454168,0.62304,0.25689,15.1151
361.929,1788243089.896651,24.6516,-1.7246,-2.698,0.398575,-0.0611608,0.0719147,0.0755453,0.47049,0.63133,0.26817,15.7480
367.454,1788243095.70952,24.9057,-1.7548,2.5,0.386901,-0.0565406,0.0734807,0.0772571,0.460382,0.62201,0.27107,15.9255
377.909,1788243106.300674,25.1383,-1.7685,1.08,0.413015,-0.0659419,0.0751403,0.0840986,0.488155,0.64266,0.27412,16.6156
380.658,1788243109.10484,25.4355,-1.8118,-6.011,0.436236,-0.0741403,0.0746781,0.0910294,0.510914,0.66048,0.27327,17.2868
380.864,1788243109.31368,25.8568,-1.9332,-20.254,0.464975,-0.0771596,0.107581,0.132593,0.572556,0.68189,0.32800,20.8633
382.308,1788243110.76356,26.1208,-2.03,-3.835,0.496207,-0.083307,0.107533,0.125531,0.60374,0.70442,0.32792,20.3001
382.725,1788243111.177997,26.1329,-2.0363,10.059,0.534257,-0.0939529,0.0752822,0.0892959,0.60954,0.73093,0.27438,17.1214
383.151,1788243111.593267,26.137,-2.0256,24.059,0.568285,-0.092754,0.0549308,0.0643027,0.623216,0.75385,0.23437,14.5290
383.601,1788243112.008204,26.1302,-2.0328,36.317,0.574595,-0.0772042,0.0410816,0.0503893,0.615677,0.75802,0.20269,12.8615
383.972,1788243112.422986,26.15,-2.0428,48.306,0.516541,-0.0678472,0.0319279,0.0360138,0.548469,0.71871,0.17868,10.8732
384.385,1788243112.837588,26.1394,-2.0523,60.224,0.534784,-0.0639581,0.0308429,0.0308869,0.565627,0.73129,0.17562,10.0695
384.793,1788243113.253038,26.191,-2.0617,72.211,0.535743,-0.0684193,0.0363972,0.0295819,0.57214,0.73194,0.19078,9.8545
385.738,1788243114.188586,26.1926,-2.0177,83.055,0.578075,-0.0707669,0.0319169,0.0239086,0.609992,0.76031,0.17865,8.8593
386.872,1788243115.329099,26.1904,-1.9656,94.506,0.557324,-0.07309,0.03046,0.0199436,0.587784,0.74654,0.17453,8.0914
388.015,1788243116.470668,26.1731,-1.9086,106.438,0.551631,-0.0706089,0.0301728,0.0178616,0.581804,0.74272,0.17370,7.6574
389.15,1788243117.612398,26.182,-1.858,118.085,0.566695,-0.0779996,0.0312943,0.0178392,0.597989,0.75279,0.17690,7.6526
390.395,1788243118.85693,26.1363,-1.8047,129.592,0.574477,-0.0750744,0.0293619,0.0179709,0.603839,0.75794,0.17135,7.6808
392.678,1788243121.140413,26.0968,-1.7661,116.001,0.572615,-0.0840668,0.0342405,0.0304107,0.606855,0.75671,0.18504,9.9916
393.096,1788243121.554958,26.0718,-1.7602,104.165,0.589198,-0.0863492,0.0356281,0.0300389,0.624826,0.76759,0.18875,9.9304
393.512,1788243121.96952,26.0799,-1.7628,91.858,0.609434,-0.0905489,0.0384973,0.030558,0.647931,0.78066,0.19621,10.0158
393.929,1788243122.384172,26.0721,-1.7586,79.494,0.60575,-0.0808932,0.0383839,0.0277976,0.644134,0.77830,0.19592,9.5527
394.343,1788243122.799037,26.0503,-1.7652,67.767,0.605342,-0.0812314,0.0373474,0.0295719,0.64269,0.77804,0.19325,9.8529
394.761,1788243123.212213,26.0845,-1.7702,55.42,0.598619,-0.0774139,0.032984,0.0292221,0.631603,0.77370,0.18162,9.7944
395.182,1788243123.626781,26.0453,-1.7724,42.906,0.577894,-0.0782642,0.0365801,0.0293962,0.614474,0.76019,0.19126,9.8236
395.592,1788243124.041269,25.9891,-1.7504,30.939,0.586406,-0.0649664,0.0333679,0.033263,0.619774,0.76577,0.18267,10.4497
395.997,1788243124.454893,26.0204,-1.7476,19.175,0.575988,-0.0599294,0.0302029,0.0329822,0.606191,0.75894,0.17379,10.4055
396.414,1788243124.86998,25.9934,-1.7432,6.912,0.580502,-0.060035,0.0252399,0.0299954,0.605742,0.76191,0.15887,9.9232
396.927,1788243125.387104,25.975,-1.7396,-6.879,0.568273,-0.0591052,0.0201308,0.0336977,0.588404,0.75384,0.14188,10.5178
399.217,1788243127.665029,26.2329,-1.8075,-8.911,0.621062,-0.0669054,0.0229557,0.0563053,0.644017,0.78807,0.15151,13.5956
401.076,1788243129.532772,26.4935,-1.8524,-8.185,0.671951,-0.0722644,0.0330683,0.0736666,0.70502,0.81973,0.18185,15.5510
402.838,1788243131.296496,26.7211,-1.8836,-5.327,0.684662,-0.0694368,0.0373825,0.0708664,0.722045,0.82744,0.19335,15.2526
404.607,1788243133.060124,26.9398,-1.9085,-3.622,0.681206,-0.0716906,0.0432631,0.069064,0.724469,0.82535,0.20800,15.0573
408.55,1788243137.002539,27.1927,-1.9391,-3.213,0.707605,-0.0689062,0.0488651,0.0716937,0.75647,0.84119,0.22105,15.3413
410.311,1788243138.766116,27.4633,-1.986,-4.892,0.710229,-0.0631475,0.0463721,0.0708823,0.756601,0.84275,0.21534,15.2543
412.077,1788243140.528821,27.7515,-2.0234,-4.409,0.693689,-0.0679432,0.0473107,0.0751427,0.741,0.83288,0.21751,15.7060
413.833,1788243142.291319,28.0181,-2.0625,-4.309,0.669086,-0.0799178,0.0475528,0.0725383,0.716638,0.81798,0.21807,15.4314
415.608,1788243144.053866,28.3125,-2.0995,-2.617,0.684572,-0.0821632,0.0547015,0.0763921,0.739273,0.82739,0.23388,15.8360
417.357,1788243145.816087,28.5857,-2.1365,-4.594,0.67436,-0.0807741,0.0600417,0.0779903,0.734402,0.82119,0.24503,16.0008
419.122,1788243147.578332,28.8301,-2.174,-5.477,0.640371,-0.089374,0.0633279,0.0810703,0.703698,0.80023,0.25165,16.3137
420.917,1788243149.341083,29.0757,-2.2146,-5.159,0.589641,-0.0812333,0.0660554,0.0850468,0.655696,0.76788,0.25701,16.7090
422.751,1788243151.207971,29.3705,-2.2637,-6.145,0.582353,-0.0678498,0.0688924,0.0869765,0.651246,0.76312,0.26247,16.8975
425.034,1788243153.491064,29.644,-2.3318,-14.965,0.589664,-0.0619907,0.0749761,0.100705,0.66464,0.76790,0.27382,18.1822
428.355,1788243156.809256,29.8161,-2.384,-3.529,0.607365,-0.0660456,0.0702141,0.0883111,0.677579,0.77934,0.26498,17.0267
430.327,1788243158.780296,30.0444,-2.4361,-5.976,0.62572,-0.0655098,0.080742,0.0922227,0.706462,0.79102,0.28415,17.3997
432.197,1788243160.648359,30.3102,-2.4884,-0.4,0.63957,-0.0670812,0.0832822,0.0966995,0.722853,0.79973,0.28859,17.8170
433.964,1788243162.41203,30.5627,-2.5238,-2.014,0.67648,-0.0674967,0.087065,0.0963497,0.763545,0.82248,0.29507,17.7847
435.722,1788243164.175228,30.8037,-2.54,2.239,0.730873,-0.0657972,0.088227,0.0946372,0.8191,0.85491,0.29703,17.6260
437.481,1788243165.939055,31.1223,-2.5699,1.799,0.714328,-0.0738248,0.0858925,0.0919296,0.80022,0.84518,0.29307,17.3720
439.249,1788243167.702564,31.345,-2.5799,0.442,0.671633,-0.0609251,0.0881328,0.0932012,0.759766,0.81953,0.29687,17.4918
441.007,1788243169.465878,31.5973,-2.608,-0.869,0.601296,-0.0631923,0.082813,0.0881824,0.684109,0.77543,0.28777,17.0143
442.772,1788243171.229033,31.8694,-2.6161,-1.14,0.57628,-0.0662473,0.0926895,0.0875267,0.66897,0.75913,0.30445,16.9509
444.636,1788243173.096111,32.1491,-2.6437,-3.907,0.602418,-0.064284,0.0944516,0.0935888,0.69687,0.77616,0.30733,17.5281
446.503,1788243174.9628,32.3971,-2.673,-6.308,0.611549,-0.0652807,0.0953022,0.0873766,0.706851,0.78202,0.30871,16.9364
448.372,1788243176.829509,32.7097,-2.7331,-5.947,0.615366,-0.0758817,0.100876,0.0877726,0.716242,0.78445,0.31761,16.9747
450.237,1788243178.696143,32.9861,-2.7854,-7.484,0.56842,-0.0806764,0.0977002,0.0897515,0.66612,0.75394,0.31257,17.1650
452.206,1788243180.66529,33.3561,-2.8605,-7.559,0.577937,-0.0806304,0.090044,0.0932501,0.667981,0.76022,0.30007,17.4963
454.279,1788243182.737722,33.6937,-2.9319,-4.2,0.562391,-0.0804811,0.0845802,0.0936938,0.646971,0.74993,0.29083,17.5379
456.252,1788243184.706538,33.8593,-2.952,6.939,0.553235,-0.0889666,0.0700669,0.0770379,0.623302,0.74380,0.26470,15.9028
458.224,1788243186.678869,33.9364,-2.9626,-4.883,0.507287,-0.0749123,0.0464296,0.061949,0.553717,0.71224,0.21548,14.2607
458.736,1788243187.197425,33.9835,-2.981,-17.458,0.496584,-0.0763994,0.0310087,0.0497643,0.527593,0.70469,0.17609,12.7815
461.117,1788243189.579094,34.2727,-3.1033,-18.197,0.533354,-0.0796923,0.0360352,0.0704161,0.569389,0.73031,0.18983,15.2040
463.296,1788243191.755792,34.5987,-3.1965,-16.045,0.552754,-0.0816268,0.0519547,0.0927695,0.604709,0.74347,0.22794,17.4512
465.472,1788243193.933508,34.9731,-3.3116,-19.838,0.586003,-0.0866903,0.0670603,0.100473,0.653063,0.76551,0.25896,18.1613
467.544,1788243196.004246,35.2983,-3.4399,-18.657,0.636312,-0.0966584,0.0809334,0.108323,0.717245,0.79769,0.28449,18.8574
469.618,1788243198.076924,35.661,-3.5669,-17.886,0.592606,-0.0783244,0.0881849,0.107809,0.680791,0.76981,0.29696,18.8126
471.692,1788243200.149929,36.0043,-3.6904,-20.183,0.565618,-0.0709505,0.0898814,0.0978009,0.655499,0.75208,0.29980,17.9182
473.768,1788243202.22512,36.3638,-3.8279,-19.515,0.530642,-0.0567168,0.0901016,0.102964,0.620744,0.72845,0.30017,18.3850
475.843,1788243204.298451,36.6959,-3.9571,-18.78,0.555622,-0.0545602,0.105328,0.114929,0.66095,0.74540,0.32454,19.4240
477.913,1788243206.37096,37.0361,-4.076,-17.715,0.566269,-0.0568905,0.104733,0.104053,0.671003,0.75251,0.32363,18.4820
481.338,1788243209.793593,37.4036,-4.2172,-22.344,0.549322,-0.0423258,0.108357,0.102272,0.657679,0.74116,0.32918,18.3232
482.683,1788243211.142157,37.4753,-4.2199,-33.391,0.472842,-0.0462478,0.0716513,0.0698595,0.544493,0.68764,0.26768,15.1438
483.101,1788243211.558666,37.5026,-4.2155,-44.483,0.4158,-0.0514763,0.0435587,0.0423491,0.459359,0.64483,0.20871,11.7908
483.513,1788243211.97365,37.5301,-4.23,-55.906,0.370312,-0.0533461,0.039056,0.0332906,0.409368,0.60853,0.19763,10.4540
483.925,1788243212.387102,37.5356,-4.2432,-67.891,0.354315,-0.0545893,0.0266396,0.0252826,0.380955,0.59524,0.16322,9.1103
484.34,1788243212.801806,37.5084,-4.2342,-79.902,0.328757,-0.0512626,0.025879,0.0210118,0.354636,0.57337,0.16087,8.3053
484.753,1788243213.216584,37.5438,-4.2507,-92.063,0.2565,-0.0393228,0.0260479,0.0210539,0.282548,0.50646,0.16139,8.3136
485.173,1788243213.63105,37.577,-4.2606,-103.868,0.242025,-0.0348815,0.0262812,0.0226874,0.268307,0.49196,0.16211,8.6301
485.588,1788243214.046645,37.6002,-4.2734,-115.839,0.219524,-0.0266776,0.0229794,0.0248355,0.242503,0.46853,0.15159,9.0294
485.997,1788243214.460783,37.5677,-4.2772,-128.386,0.190564,-0.0200482,0.0223,0.0258397,0.212864,0.43654,0.14933,9.2101
486.414,1788243214.874707,37.565,-4.2919,-140.608,0.182294,-0.023915,0.023164,0.0256767,0.205458,0.42696,0.15220,9.1810
486.933,1788243215.392491,37.5414,-4.3207,-153.072,0.148851,-0.0127125,0.0194396,0.0235436,0.168291,0.38581,0.13943,8.7914
488.598,1788243217.048215,37.3171,-4.4099,-159.445,0.144961,-0.00761763,0.0207707,0.0382655,0.165731,0.38074,0.14412,11.2080
490.256,1788243218.706918,37.0828,-4.5036,-157.762,0.148318,-0.00505029,0.0218346,0.0613408,0.170153,0.38512,0.14777,14.1905
491.801,1788243220.263047,36.8631,-4.6018,-157.666,0.151254,0.0014478,0.0250202,0.0583099,0.176275,0.38891,0.15818,13.8355
493.461,1788243221.921838,36.6069,-4.6969,-160.098,0.150826,0.000642588,0.0290868,0.0578309,0.179912,0.38836,0.17055,13.7785
495.122,1788243223.579812,36.368,-4.7921,-157.334,0.161046,0.00429747,0.0378102,0.0627618,0.198856,0.40131,0.19445,14.3539
496.679,1788243225.134061,36.1473,-4.8828,-157.57,0.154108,0.00816931,0.0426635,0.066581,0.196772,0.39257,0.20655,14.7842
498.34,1788243226.793285,35.9239,-4.9743,-160.671,0.150165,0.013049,0.0478219,0.07546,0.197987,0.38751,0.21868,15.7391
499.993,1788243228.451656,35.6678,-5.0603,-158.657,0.145565,0.0126133,0.0565956,0.0814958,0.20216,0.38153,0.23790,16.3565
501.651,1788243230.110385,35.4344,-5.1638,-153.995,0.149611,0.00494901,0.0694221,0.0856841,0.219033,0.38680,0.26348,16.7715
503.21,1788243231.666058,35.2259,-5.2804,-151.635,0.143971,0.00482519,0.0740141,0.0879011,0.217985,0.37944,0.27206,16.9871
504.767,1788243233.220645,35.0317,-5.4114,-150.88,0.147366,0.00398927,0.0786057,0.0852623,0.225972,0.38388,0.28037,16.7302
506.325,1788243234.776354,34.8349,-5.5194,-149.145,0.132872,0.00693109,0.0767084,0.0798173,0.20958,0.36452,0.27696,16.1872
507.978,1788243236.435131,34.6326,-5.6654,-143.803,0.144231,0.00536314,0.072578,0.0841377,0.216809,0.37978,0.26940,16.6195
509.64,1788243238.094555,34.4495,-5.8289,-137.649,0.170245,0.0102434,0.0557122,0.074841,0.225957,0.41261,0.23603,15.6745
512.568,1788243240.065314,34.2257,-6.0191,-135.409,0.179923,0.0149066,0.0567241,0.0817994,0.236647,0.42417,0.23817,16.3869
516.6,1788243245.042723,34.0817,-6.1623,-147.281,0.186376,0.0188647,0.0560158,0.0848203,0.242392,0.43171,0.23668,16.6868
517.005,1788243245.457947,34.0458,-6.1735,-158.175,0.182841,0.0196683,0.0440729,0.0764694,0.226914,0.42760,0.20994,15.8441
517.413,1788243245.873081,34.0156,-6.1724,-169.329,0.197515,0.0197289,0.0334679,0.0685968,0.230983,0.44443,0.18294,15.0063
517.829,1788243246.287432,33.9928,-6.1854,179.932,0.198635,0.0199414,0.0282073,0.0633877,0.226842,0.44568,0.16795,14.4253
518.656,1788243247.115098,33.9215,-6.1908,166.761,0.181631,0.0159735,0.0218031,0.0546378,0.203434,0.42618,0.14766,13.3927
519.693,1788243248.15022,33.8289,-6.1823,154.375,0.160305,0.00527195,0.0208899,0.0500503,0.181195,0.40038,0.14453,12.8182
520.748,1788243249.186835,33.73,-6.124,143.251,0.160933,-0.00219095,0.0226465,0.0512559,0.183579,0.40116,0.15049,12.9716
522.386,1788243250.844627,33.5575,-5.9578,135.732,0.157815,-0.0097943,0.0297646,0.0689871,0.18758,0.39726,0.17252,15.0490
524.041,1788243252.503439,33.3496,-5.7454,137.826,0.15087,-0.0155819,0.0404734,0.0815134,0.191344,0.38842,0.20118,16.3583
525.292,1788243253.747057,33.1958,-5.6171,148.911,0.16071,-0.0154895,0.047536,0.0759674,0.208246,0.40089,0.21803,15.7920
526.531,1788243254.990847,33.0083,-5.5216,159.959,0.162676,-0.0137506,0.0479316,0.0666037,0.210608,0.40333,0.21893,14.7867
528.92,1788243257.375001,32.6662,-5.4075,171.243,0.198081,-0.0180604,0.0635562,0.0906419,0.261637,0.44506,0.25210,17.2499
530.987,1788243259.448571,32.3485,-5.3635,176.272,0.207397,-0.0208681,0.0846125,0.108311,0.292009,0.45541,0.29088,18.8564
532.959,1788243261.418078,32.0422,-5.3141,179.874,0.22417,-0.0237391,0.102777,0.109994,0.326946,0.47347,0.32059,19.0024
534.83,1788243263.284643,31.751,-5.2845,178.944,0.262293,-0.024837,0.122751,0.120708,0.385044,0.51215,0.35036,19.9063
536.795,1788243265.254217,31.4437,-5.2435,178.079,0.295117,-0.0153197,0.135673,0.117149,0.43079,0.54325,0.36834,19.6106
538.879,1788243267.328891,31.1185,-5.2287,173.413,0.314107,-0.00512965,0.148054,0.119512,0.462161,0.56045,0.38478,19.8074
541.153,1788243269.609615,30.7718,-5.176,169.739,0.374281,0.0104123,0.156076,0.128973,0.530357,0.61179,0.39506,20.5765
544.576,1788243273.030764,30.5434,-5.1567,-177.013,0.379376,0.0171463,0.142538,0.114731,0.521913,0.61593,0.37754,19.4072
545.611,1788243274.067655,30.4173,-5.1832,-163.972,0.382334,0.0220274,0.107784,0.0879499,0.490118,0.61833,0.32831,16.9918
546.773,1788243275.104456,30.3168,-5.2108,-151.33,0.414733,0.0243964,0.0911748,0.0702688,0.505908,0.64400,0.30195,15.1881
547.89,1788243276.349204,30.2243,-5.2597,-139.135,0.411642,0.0274133,0.0741158,0.0570726,0.485758,0.64159,0.27224,13.6879
549.444,1788243277.906119,30.1295,-5.3403,-126.503,0.394794,0.0208849,0.0600016,0.0470288,0.454796,0.62833,0.24495,12.4252
552.146,1788243280.602139,30.0071,-5.4754,-113.907,0.365946,0.00849008,0.0615757,0.0479162,0.427522,0.60493,0.24814,12.5419
553.288,1788243281.744873,29.9816,-5.4855,-126.345,0.338803,0.0112814,0.0528113,0.0415312,0.391614,0.58207,0.22981,11.6764
553.709,1788243282.160449,29.9629,-5.4685,-137.96,0.316073,0.019305,0.046945,0.0358256,0.363018,0.56220,0.21667,10.8447
554.138,1788243282.575413,29.9742,-5.4641,-150.658,0.325783,0.0223031,0.0390063,0.0338074,0.36479,0.57077,0.19750,10.5348
554.538,1788243282.990032,29.9969,-5.4624,-163.429,0.31231,0.02531,0.0385886,0.0347018,0.350898,0.55885,0.19644,10.6733
554.951,1788243283.404034,29.9716,-5.4569,-174.875,0.317379,0.0260917,0.031322,0.0362119,0.348701,0.56336,0.17698,10.9031
556.605,1788243285.05848,29.9695,-5.4625,-162.333,0.302057,0.022653,0.02776,0.0328936,0.329817,0.54960,0.16661,10.3915
557.024,1788243285.472911,29.9699,-5.4603,-150.738,0.275608,0.0267138,0.0295154,0.0374011,0.305124,0.52498,0.17180,11.0806
557.432,1788243285.887167,29.9657,-5.4589,-138.709,0.260937,0.0203405,0.0252196,0.0342004,0.286157,0.51082,0.15881,10.5959
557.847,1788243286.301983,29.9678,-5.4515,-126.704,0.241784,0.0203604,0.0264375,0.0345485,0.268221,0.49172,0.16260,10.6497
558.276,1788243286.716604,29.9345,-5.4447,-115.209,0.220194,0.0177965,0.0257444,0.0287717,0.245938,0.46925,0.16045,9.7186
558.781,1788243287.234898,29.9143,-5.4704,-103.409,0.208164,0.014462,0.02423,0.0246505,0.232395,0.45625,0.15566,8.9957
561.577,1788243290.033677,29.9236,-5.4843,-91.299,0.197564,0.0123717,0.0250237,0.0209508,0.222588,0.44448,0.15819,8.2932
562.2,1788243290.656319,29.9229,-5.5256,-78.434,0.168021,0.00274418,0.0232015,0.0206952,0.191223,0.40990,0.15232,8.2425
563.661,1788243292.111416,29.9131,-5.5257,-92.227,0.141946,0.00236714,0.0294356,0.0228705,0.171382,0.37676,0.17157,8.6648
564.067,1788243292.526773,29.9108,-5.5189,-103.935,0.131242,0.00659213,0.0280051,0.0240305,0.159247,0.36227,0.16735,8.8819
564.481,1788243292.94147,29.8933,-5.5324,-115.263,0.112322,0.00157934,0.031343,0.0244113,0.143665,0.33514,0.17704,8.9520
564.917,1788243293.356499,29.8802,-5.541,-127.185,0.0852296,-0.00249323,0.0312338,0.0271753,0.116463,0.29194,0.17673,9.4452
565.315,1788243293.771414,29.8665,-5.5408,-139.425,0.0855299,0.00149181,0.028819,0.0257024,0.114349,0.29245,0.16976,9.1856
565.731,1788243294.186631,29.8748,-5.5267,-152.402,0.0924412,0.00583965,0.0265251,0.0223779,0.118966,0.30404,0.16287,8.5710
566.14,1788243294.601283,29.8359,-5.5155,-164.3,0.0927591,0.00863006,0.0226915,0.0229446,0.115451,0.30456,0.15064,8.6789
566.557,1788243295.015921,29.8189,-5.513,-175.59,0.0915033,0.00978205,0.019545,0.0295134,0.111048,0.30250,0.13980,9.8431
566.976,1788243295.430361,29.8133,-5.5207,172.206,0.0993786,0.0131212,0.0204161,0.0345608,0.119795,0.31524,0.14288,10.6516
567.489,1788243295.948143,29.7903,-5.53,160.264,0.105071,0.0106979,0.0177528,0.0357061,0.122824,0.32415,0.13324,10.8266
568.832,1788243297.293921,29.7873,-5.5286,174.326,0.109141,0.00459358,0.0164735,0.0351766,0.125614,0.33036,0.12835,10.7461
569.273,1788243297.705748,29.8048,-5.5364,-173.233,0.132528,0.00890526,0.0142976,0.0304753,0.146826,0.36404,0.11957,10.0022
569.69,1788243298.120048,29.8191,-5.5239,-161.469,0.152657,0.0109929,0.0135006,0.0285725,0.166158,0.39071,0.11619,9.6849
570.076,1788243298.534807,29.8167,-5.5225,-149.547,0.15792,0.0132326,0.01302,0.0245598,0.17094,0.39739,0.11411,8.9792
570.494,1788243298.949567,29.7957,-5.523,-137.457,0.16839,0.0156896,0.0122144,0.0282232,0.180605,0.41035,0.11052,9.6256
570.911,1788243299.365381,29.8313,-5.5191,-125.449,0.164518,0.0185528,0.0150374,0.0327196,0.179555,0.40561,0.12263,10.3640
571.323,1788243299.779887,29.8047,-5.5288,-113.693,0.17515,0.0200282,0.0231501,0.036044,0.1983,0.41851,0.15215,10.8777
571.738,1788243300.196237,29.8043,-5.5323,-101.831,0.161504,0.018346,0.0245533,0.0326006,0.186058,0.40188,0.15670,10.3451
572.149,1788243300.609618,29.77,-5.5335,-89.504,0.144731,0.0147755,0.0255425,0.0332293,0.170274,0.38044,0.15982,10.4444
572.562,1788243301.023977,29.7536,-5.5382,-77.652,0.135802,0.0115985,0.0290749,0.0306461,0.164877,0.36851,0.17051,10.0302
572.986,1788243301.438445,29.7842,-5.5405,-65.48,0.143273,0.0112183,0.0325349,0.0278987,0.175808,0.37851,0.18037,9.5701
573.536,1788243301.957835,29.7651,-5.5435,-53.716,0.13762,0.00262123,0.0288966,0.0249829,0.166516,0.37097,0.16999,9.0562
574.336,1788243302.788821,29.7771,-5.5864,-42.222,0.116964,0.00434035,0.0248577,0.0204045,0.141821,0.34200,0.15766,8.1844
575.287,1788243303.724029,29.7886,-5.6064,-30.137,0.11962,0.000629275,0.0235779,0.0210998,0.143198,0.34586,0.15355,8.3227
576.101,1788243304.551471,29.8145,-5.625,-19.643,0.0971886,7.46703e-05,0.0191304,0.0181853,0.116319,0.31175,0.13831,7.7265
576.819,1788243305.277697,29.8304,-5.6379,-7.615,0.0957587,-0.00311574,0.015551,0.0166806,0.11131,0.30945,0.12470,7.3999
577.861,1788243306.315414,29.8336,-5.6355,5.584,0.1023,-0.00407329,0.0152231,0.0207235,0.117523,0.31984,0.12338,8.2481
578.272,1788243306.729615,29.8169,-5.6446,18.419,0.101403,-0.00634175,0.0143263,0.020805,0.115729,0.31844,0.11969,8.2643
578.79,1788243307.248289,29.8496,-5.646,31.224,0.095091,-0.00183276,0.0129292,0.0265875,0.10802,0.30837,0.11371,9.3425
579.618,1788243307.974826,29.8706,-5.6523,42.531,0.0842677,0.000346268,0.0138908,0.0227456,0.0981586,0.29029,0.11786,8.6411
580.665,1788243309.115663,29.8856,-5.627,54.458,0.0758856,0.000757431,0.014075,0.0197526,0.0899606,0.27547,0.11864,8.0526
581.301,1788243309.735431,29.8887,-5.6265,67.639,0.0709146,0.00344652,0.0185172,0.0223624,0.0894318,0.26630,0.13608,8.5681
581.701,1788243310.149585,29.881,-5.6286,80.019,0.0696983,0.00521869,0.0232956,0.0271467,0.0929939,0.26400,0.15263,9.4402
582.111,1788243310.563582,29.8554,-5.6316,92.688,0.0664419,0.00586828,0.0266234,0.0341787,0.0930652,0.25776,0.16317,10.5926
582.518,1788243310.977387,29.8517,-5.6478,104.456,0.0661378,0.00518853,0.031391,0.0322088,0.0975288,0.25717,0.17718,10.2828
582.959,1788243311.391684,29.8547,-5.6532,117.023,0.0592506,0.00499206,0.0319868,0.0287719,0.0912374,0.24341,0.17885,9.7187
583.355,1788243311.805924,29.858,-5.6341,128.643,0.0633536,0.0013163,0.0319704,0.0281101,0.095324,0.25170,0.17880,9.6063
583.768,1788243312.219965,29.8571,-5.6337,140.914,0.0670346,-0.000762739,0.0289844,0.0272625,0.096019,0.25891,0.17025,9.4603
584.224,1788243312.633788,29.8574,-5.6344,153.23,0.0634217,-0.00275394,0.0274695,0.0329472,0.0908912,0.25184,0.16574,10.4000
584.586,1788243313.047672,29.8179,-5.6159,165.113,0.0632319,-0.000790179,0.0238691,0.028181,0.0871011,0.25146,0.15450,9.6184
586.767,1788243315.223811,29.5153,-5.545,157.15,0.0898466,-0.00114981,0.0273604,0.0543794,0.117207,0.29974,0.16541,13.3610
588.521,1788243316.981642,29.2731,-5.4206,155.472,0.115109,-0.00698994,0.0355263,0.0639982,0.150636,0.33928,0.18848,14.4946
590.284,1788243318.739584,29.0217,-5.3146,159.312,0.134346,-0.00766775,0.0471208,0.0682936,0.181466,0.36653,0.21707,14.9731
592.043,1788243320.497952,28.7338,-5.2104,160.139,0.145192,-0.00995136,0.0587921,0.0696487,0.203984,0.38104,0.24247,15.1209
593.796,1788243322.257804,28.474,-5.0879,159.573,0.153289,-0.012757,0.070121,0.0722152,0.22341,0.39152,0.26480,15.3970
596.568,1788243324.017018,28.1975,-4.934,156.774,0.150281,-0.0144103,0.0746787,0.0701345,0.22496,0.38766,0.27327,15.1736
597.462,1788243325.879143,27.9204,-4.7916,163.124,0.155838,-0.0204089,0.0833499,0.0788765,0.239188,0.39476,0.28870,16.0915
599.29,1788243327.742435,27.6129,-4.6744,163.326,0.164378,-0.0237927,0.0804942,0.0796376,0.244872,0.40544,0.28371,16.1689
601.163,1788243329.605658,27.3363,-4.5649,164.094,0.193833,-0.0290682,0.0766269,0.0862137,0.27046,0.44026,0.27682,16.8233
603.029,1788243331.469302,27.0494,-4.4456,165.302,0.193616,-0.0267238,0.0870997,0.090661,0.280716,0.44002,0.29513,17.2517
609.35,1788243337.577712,26.7616,-4.3289,164.889,0.215162,-0.0254518,0.0816296,0.0890303,0.296792,0.46386,0.28571,17.0959
